username,profile_name,url,followers,youtube_url,youtube_score,twitch_url,twitch_score
kirstnicolexo,kirstie (taylor’s version),http://brokenblame.tumblr.com/,350,https://www.youtube.com/@_kirstynicole_,50,,0
aliceyinyang,melis |,https://instagram.com/lifeisaroadtrip_/,957,https://www.youtube.com/channel/UCgG5bLg-pupMEFjnMckDpHA,50,,0
yanneekbrinson_,✨NDAs Required✨,http://www.yanneekbrinson.com/,714,,0,,0
HugsfromSA,Nina,https://x.com/hugsfromsa,1485,,0,,0
v23474,VICKI - #LGBTQI+ 💞 Ace BiRomantic 💖💜💙🖤🤍💜,http://bit.ly/1VWeVZG,681,,0,,0
Jus_de_fruit,MM,https://linktr.ee/fruity999,405,,0,https://www.twitch.tv/juzy_fruit,50
LucknawiRooh,Nilufer Bhateja,https://x.com/lucknawirooh,2793,,0,,0
burnbrights,Majo🎬✨,https://letterboxd.com/burnbrights/,1318,,0,,0
JumpersJump,Jump Start Jumpers,https://x.com/jumpersjump,1,https://www.youtube.com/channel/UCRFF8xw5dg9mL4r5ryFOtKw,50,,0
sepuuut,Sepuuut,https://x.com/sepuuut,983,,0,,0
berlee60,Beryle Chambers,https://x.com/berlee60,7038,,0,,0
inkdin,InkDin,https://x.com/inkdin,39,,0,,0
DIY28,DIY,https://x.com/diy28,1868,https://www.youtube.com/channel/UC5iao-khHM7fP9hLC1xN-qQ,50,,0
VanessaRNMH,Vanessa Gilmartin ( Garrity) RNMH She/Her,https://x.com/vanessarnmh,9840,,0,https://www.twitch.tv/vanessa_lopez_official,50
ScorpTaurCapSag,Pamela (3rd Generation Elohim) Apostle,https://x.com/scorptaurcapsag,822,,0,,0
foreverunfelled,Jack Kline's 🦄 (Lucy) he/they🏳‍🌈 8 🦆 🔥🐉 🟦,https://www.randomacts.org/,454,,0,,0
inahreads,inah 🍉,https://linktr.ee/inahreads,1588,https://www.youtube.com/@threads_in_cahoots,50,,0
__Forceofnature,Cha',https://x.com/__forceofnature,18,https://www.youtube.com/@ForceOfNature97,50,,0
bellatrix134340,lan⁷ 💛,https://x.com/bellatrix134340,1074,,0,,0
TRICIA_FIIERCE,ivie,https://x.com/tricia_fiierce,491,,0,,0
louis0nfire,louis0nfire,https://x.com/louis0nfire,588,https://www.youtube.com/@louis0nfire,85,,0
dwmdn,ㅁㄷㄷ,https://x.com/dwmdn,375,https://www.youtube.com/@dwmdn,85,,0
biblio_phile,asmita,https://x.com/biblio_phile,0,,0,,0
stickpoet,Michael Wells🇺🇦,http://www.michaelwells.ink/,1065,,0,,0
tempusfrangit,Keoieid,https://x.com/tempusfrangit,613,https://www.youtube.com/channel/UC7jR7MtCgmQqEYbtAM1n4PA,50,,0
ScruffyBunnyNL,ScruffyBunny 🐇,https://x.com/scruffybunnynl,399,https://www.youtube.com/channel/UCmnVcreKJdmOhIhaVj9UZOw,50,,0
anotherschwab,"Andrew T. Schwab, Ed.D.",http://anotherschwab.com/,4728,https://www.youtube.com/user/anotherschwab,85,,0
wincheswift,⚭ carla (taylor's version) 🪩,https://x.com/wincheswift,1743,,0,,0
TheWordN3rd,Margaret | Dean of the Tortured Writers Dept✒️🤍📚,http://linktr.ee/TheWordN3rd,1324,https://www.youtube.com/c/TheWordN3rd,85,,0
AnnaDreams_Art,"Anna, just a 🍁on the wind.",https://x.com/annadreams_art,1483,,0,,0
Himmapaan,Natee 🕊🍉 (they/them),https://linktr.ee/himmapaan,23440,,0,,0
thebrittneyw,Brittney Williams | The Reclusive Blogger,https://thereclusiveblogger.com/,1865,,0,,0
SilverFaeryhawk,Silver Faeryhawk,http://silverfaeryhawk.com/,2501,https://www.youtube.com/@Silverhawk1990,50,https://www.twitch.tv/faery__,50
owlyrapunzel,na͛dskı 🍉,https://x.com/owlyrapunzel,887,,0,https://www.twitch.tv/bear_owl,50
DrewWinchester,anariel - celebrían,https://toyhou.se/Sarha_Kinomiya,4960,,0,,0
undyingodinsons,dave gahan’s big 𝓳𝓾𝓲𝓬𝔂 bbl,https://x.com/undyingodinsons,1968,,0,,0
subha26,சுபா (subha)🪔,https://x.com/subha26,1065,https://www.youtube.com/channel/UC4vCGPjH4lYKNJmKy_G7nrg,50,,0
MahleSoul,Moonchild ॐ,http://www.mahle-moonchild.tumblr.com/,717,,0,,0
willmadrazo,Will M.,http://instagram.com/willmadrazo/,892,https://www.youtube.com/user/willam1111,50,,0
LauraKatharineX,laura ❀,https://archiveofourown.org/users/divine_dissatisfaction,1152,https://www.youtube.com/channel/UCBmuQQ5QM7eXFSYZty6vvHA,50,,0
RekkaAlexiel,Rekka Alexiel,https://firesanctuary.com/,3323,https://www.youtube.com/c/RekkaAlexiel,85,https://twitch.tv/RekkaAlexiel,85
AmizingSailorAJ,OnceAJ,http://myanimelist.net/profile/Ap2,1769,https://www.youtube.com/channel/UClpoaiJHzmuXFB-79jx75xA,50,,0
brucethegirl,Christine(like the ghost car🚘) Bruce,http://caabr.org/,530,,0,https://www.twitch.tv/brucethegirl,85
_niaow,ᶰ ᵎ ᵃ,https://bsky.app/profile/niaow.bsky.social,1162,,0,https://www.twitch.tv/niaow,60
hahahafsa,hafsa,http://instagram.com/hahahafsa_,631,,0,https://www.twitch.tv/hafsa,60
thankyou2NE1,lari,https://x.com/thankyou2ne1,3,https://www.youtube.com/c/thankyou2ne1,85,,0
bexcapades,bec🔮,https://x.com/bexcapades,9683,,0,,0
joshhrayy,josh,https://x.com/joshhrayy,18035,https://www.youtube.com/channel/UCGYlNGlloLLZiAL3zBgbMgQ,50,,0
Uhmanduh,Amanda,https://x.com/uhmanduh,436,https://www.youtube.com/channel/UCMHeima0TGUxHLR9f6M2rNQ,50,https://www.twitch.tv/amanduhmanduh,85
BiancaLoran,☽ B Plant ☾,https://biancaloran.carrd.co/,1387,,0,https://www.twitch.tv/biancaloran,85
jiminstreble,yena⁷ ; (๑ↀᆺↀ๑)✧,https://soundcloud.com/phillinemyself,1686,https://www.youtube.com/c/parkjiminofficial,50,,0
ohh_livi_yuhh,thiccaroni n cheese,https://linktr.ee/ohh_livi_yuhh,4048,,0,,0
imchilllikethat,Catherine Elizabeth,https://x.com/imchilllikethat,0,,0,,0
delia_a,Delia,https://x.com/delia_a,511,https://www.youtube.com/channel/UCf5jQ69wmmjojV8WtYw2EQw,50,,0
blovesastro,hi,https://x.com/blovesastro,1,,0,,0
yoongsvibe,non⁷,https://x.com/yoongsvibe,3165,,0,,0
CalmJTM,Tyluhhh,https://x.com/calmjtm,3588,https://www.youtube.com/channel/UChSpME3QaSFAWK8Hpmg-Dyw,50,,0
shaunaparmesan,Shauna Lynn (Панчишин),https://linktr.ee/shaunaparmesan,3147,https://www.youtube.com/@ShaunaLynnIllustrates,50,,0
AlyonaSchatzman,Alyona Schatzman,https://x.com/alyonaschatzman,3112,,0,,0
Roxushi,Fenori 🍤✨️ 💀working💀,https://fenori.carrd.co/,6845,,0,,0
pinkygirl06,Jan Smith,https://x.com/pinkygirl06,1526,https://www.youtube.com/user/pinkygirl06,85,,0
kosherjellyfish,JY,https://linktr.ee/kosherjellyfish,1401,,0,,0
aryllins,ARYLL 🌙 @ Otakuthon #1711,http://aryll.tumblr.com/,22526,,0,,0
octoberxswimmer,doom4gloom,http://octoberxswimmer.livejournal.com/,1430,,0,,0
Purrsnikitty07,🦋Mia Faith🦋,http://ratherbereading.net/,1125,,0,,0
AoLun8,al 🐯🇹🇼 🔜 BLFC,https://www.furaffinity.net/user/aolun,3040,,0,,0
tangledtori,𝖙𝖔𝖗𝖎,https://linktr.ee/tangledtori,1212,,0,,0
amdmw,Amanda Myrna W,http://amdmw.wordpress.com/,524,,0,,0
TealaSmile,TTLYTEALA,https://x.com/tealasmile,12,,0,,0
sekirodubi,Sekiro FMC Dubi,https://x.com/sekirodubi,15645,,0,,0
MatthewBoulden,Matthew Boulden,http://www.theroar.com.au/author/matthew-boulden/,848,,0,,0
danibrstl,danielle,https://twitter.com/ArianaGrande/status/281260691875303424?s=01,1373,,0,,0
shelbylcole,shelby cole,https://x.com/shelbylcole,15246,,0,,0
arinushika,Alina Rin (アリーナ・リン ),http://www.facebook.com/arinushika,3798,,0,,0
